"Genotype","Dim_0","Dim_1","Dim_2","Dim_3","Dim_4","Dim_5","Dim_6","Dim_7","Dim_8","Dim_9"
1,0.0269648403239747,0.0142943569614242,0.0333841040264815,0.0385311727101604,0.0348820006474853,0.00860376789933071,0.0128378255758435,-0.0773688678940137,0.0147123891705026,0.0100694346474484
2,0.0360462057093779,0.0134633080257724,0.0477373218163848,0.0327613397190968,0.0404196538341542,0.0155850273246566,0.0260714733352264,-0.0790568503240744,0.00367791159078479,0.0184604151484867
4,0.0513480752706528,0.0118178434592361,0.0333833182230592,0.0295500542658071,0.0280666782831152,0.0165110494708642,0.0168109615333378,-0.0825932721296946,0.0139728326757904,-0.00232166897815963
5,0.0278289779089391,0.00864739871273438,0.0353968534618616,0.0280981678515673,0.049909179409345,0.0105439380276948,0.0297589941571156,-0.0762464118500551,0.0329590992769226,0.0243115625344217
7,0.0241834350551168,0.0164751961516837,0.0245746923610568,0.043428280390799,0.045785439821581,0.0110552457626909,0.03046312648803,-0.0732172466814518,0.0105582221391766,0.0151451743634728
8,0.0348865357892854,0.00389651990761714,0.0310892465391329,0.0379545225628785,0.0348836827491011,0.00523236670207033,0.0238476802728006,-0.0761561276657241,0.0341759997286967,0.0237367380676525
9,0.0507752845684687,-0.000563975928040842,0.047164604999125,0.057289673636357,0.0216470506663124,0.00897358402532215,0.0145129459366823,-0.0758081513146559,0.0233087173352639,0.00950255601977309
10,0.0304651710515221,0.0160907039729257,0.0152814763860079,0.0365727950508396,0.0393927505550285,0.00578105238188679,0.0118216101545841,-0.0784162320196629,0.0197991385745506,0.0147526153402093
11,0.0411953578392665,0.0120024372590706,0.0452408504982789,0.0356287970207632,0.0142004099131251,0.00605706969993965,0.0185307837479437,-0.0741773582994938,0.00843632527782271,0.00270981952780858
12,0.0267257764935493,0.00451251001795754,0.0141438905149698,0.0400985181331635,0.0237791249528527,0.0186921873129904,0.0224959831684828,-0.0832758963108063,0.0186505187302828,0.0154002911411226
13,0.0149786268360913,0.00843556113541126,0.0284890335053205,0.0438969299197197,0.0212157589383423,0.0142659360542893,0.0276598036289215,-0.072578889131546,0.00126940928967088,0.0274086482822895
14,0.0243830454225341,0.000902555378464361,0.0203618355250607,0.0405979125450055,0.0151621828166147,0.00397601954561348,0.031096569262445,-0.0817706771194935,0.0271142887262007,0.0230500055477023
15,0.042616612277925,0.026784646101684,0.0193322856988137,0.0363456007714073,0.0449828654527664,0.00917479308554903,0.0169687466307854,-0.0768477072318395,0.0445907379811009,0.00552594660742519
16,0.0359235216996499,0.0345048390861068,0.0281318278451051,0.0475210590021951,0.0148719883124743,0.0071374380162784,0.014893313104819,-0.080360301903316,0.0325917660125664,-0.00227881971347545
17,0.0459899336099625,0.0137365181930363,0.0158818159718066,0.0262342762202024,0.0355840696021914,0.0237987011671066,0.0264005526900291,-0.0785021215677261,0.0152056942431955,0.0212706951424479
18,0.0544403396546841,0.0131791558815166,0.0354407094419003,0.0304838608950376,0.0140412622131407,0.028554518148303,9.97738214209676e-05,-0.0814382672309875,0.0178941846825182,0.00356290517374873
19,0.0482322052121162,0.0154652926139534,0.0466939030836026,0.0382177764549851,0.0121890960726887,0.0177599261514843,0.00636694856317869,-0.0698125554869572,0.0214825595418612,0.0121021619221816
20,0.0286562064041694,0.0410599491248528,0.0415539753933748,0.047915172452728,0.0437274498399347,0.027752454392612,0.0137937886174768,-0.0729669071733952,0.00317077936294178,0.00848790207722535
21,0.0129012112904872,0.0176681349320071,0.0293043199926615,0.0563258986387934,0.0306571704734649,0.0234189489191132,0.0278211424925498,-0.0729203681860651,0.0302684663661889,0.0242084211536816
22,0.0494892001152039,0.00538103825723131,0.0180895367326836,0.0366283527885874,0.0196315078064799,0.0154631414916366,0.0201137484206508,-0.0774830641845862,0.0334293991327286,0.0167069254869906
23,0.0342281041666865,0.0206668077347179,0.0558695687601964,0.0399639063204328,0.0110036293820788,0.0117891110518637,0.0168013326668491,-0.0762166380882263,0.0148987221764401,0.00257756706560031
24,0.0430719166994095,0.0186515826266259,0.0170935662463307,0.0397620752453804,0.0167223166674376,0.0184483361430466,0.00263778148218989,-0.0814648523926735,0.024543269793503,0.00448276477400214
25,0.0221697934237974,0.0178259184051837,0.0346038056803601,0.0236717366081263,0.0211918416566082,0.0124518160841295,0.0302482272631356,-0.0780775068061692,0.0425456094422511,0.0142294017464987
27,0.0320815898788472,0.0227114979643375,0.0358130251988769,0.0308270381453137,0.0214385131063561,0.0190209676511586,0.0382862761616707,-0.0780912339687347,0.0147992482719322,-0.00208318237370501
30,0.0381147588292758,0.00302563788864063,0.0164448283612728,0.0395133011043072,0.0328232559065024,0.0103443921931709,0.0261374019707243,-0.0773206142087777,0.0162215409024308,0.00864943916288515
31,0.0552763553957144,0.00914632831700146,0.022578403664132,0.042360307648778,0.0440746949364742,0.0111633355457646,0.0141253385712237,-0.0805712242921193,0.0223584679188207,0.0117399592418224
32,0.0423590379456679,0.00343234487809241,0.0374997835606337,0.049089767349263,0.0229313385983308,0.00434278254397213,0.00769598401772479,-0.0802620972196261,0.0360000195602576,0.00730103933407615
33,0.0406193264449636,0.0152021776884794,0.044143535507222,0.0309015664582451,0.0232522534594561,0.0188916663949688,0.012906058410105,-0.0763505635162195,0.0584354406843583,0.00761978822993115
34,0.0338274041811625,0.0282497147175794,0.0275958480002979,0.0606549475342035,0.0213147935767968,0.00402362031551699,0.0439001098275185,-0.070862519244353,0.0258580615433554,0.01012510136934
35,0.0201756951399148,0.0114520044997334,0.034947819635272,0.0410227663815022,0.0383412431925535,0.00770991735626012,0.0321594849228859,-0.0804598912596703,0.0120915522798896,0.0251554876565933
36,0.0485064803312222,0.0260036593923966,0.0406059340263406,0.0507767473657926,0.0175267867743969,0.0123576801658298,0.0149658713877822,-0.0800216272473335,0.0135535454028286,0.00642913866613526
37,0.0565684270113707,0.0282396525144577,0.04116733931005,0.0459789993862311,0.0184934805923452,0.00212642593154063,0.0420814584940672,-0.0736569911241531,0.0404854643469056,0.0103953851891371
38,0.0187546732569379,0.0049015277597521,0.0383241014289004,0.0503228828310966,0.020971252183829,0.00653725318027552,0.0441980388547693,-0.0713963519249644,0.00248421361071191,0.0141774171165058
39,0.0365256446724137,0.0183959074396019,0.0460437790801128,0.0367578081786633,0.00723471007465074,0.00208386450928325,0.0339748337864876,-0.0706880365808805,0.0142474079232973,0.0178320648459097
40,0.0565520964562893,0.0217355083674192,0.0138076090719551,0.0315114807337522,0.0278952240012586,0.00728815421462059,0.0334127569571137,-0.0769660428166389,0.00963506051339209,0.0103158321464434
41,0.0465762230257193,0.00908577711864685,0.0192901380360126,0.0399126568809152,0.0116210737614892,0.0244094855152071,0.00623138842638582,-0.0734635305901368,0.0189644372633969,0.0156823929476862
42,0.0551086411412273,0.00893537430757923,0.0228525107460363,0.0476728757577283,0.0207761077742491,0.0113491599581071,0.0209366643269147,-0.0762432664632797,0.0500586690115077,0.00444317472699497
43,0.0297225784510374,0.01720582973212,0.0194716105237603,0.0295450363308191,0.0359744191169739,0.00976272891275585,0.0285576846450567,-0.0779060855507851,0.0345505248755217,0.00312635349109769
44,0.0477423667907715,0.0109467434591958,0.0360277326932798,0.0523992544040084,0.0427532928685347,0.0123920796710687,0.00791214166868789,-0.0795804013808568,0.00683193425356876,0.00406551857789357
46,0.0489255035562175,0.0100741896312684,0.017866220990462,0.0407812081809555,0.033343096795891,0.0206884391871946,0.029751035650926,-0.0831844838602202,0.0186778575714145,-0.00185143194227879
47,0.0431327007710934,0.007975371228531,0.0391076773405075,0.0283663403242826,0.0265630263835192,0.0161830646917224,0.000788914249278605,-0.0753919869661331,0.0347840078175068,0.0274140775203705
48,0.0342438079416752,0.0295095494017005,0.0272940929979086,0.0263708784244955,0.0240497192367911,0.0156305527314544,0.0353320382535458,-0.0800450824201107,0.0271133095026016,0.0319574110209942
49,0.0179800305515528,0.0146296362392604,0.0225976776331663,0.0351525563746691,0.0163286214694381,0.0147324146702886,0.0135163266211748,-0.0812716335058212,0.0360585857182741,0.0134268208406866
50,0.0508198399717609,0.00350992542977716,0.032620162392656,0.0345411595577995,0.0238622850738466,0.00764103047549725,0.0199385369196534,-0.0810891141494115,0.0171036765483829,0.0208231356615822
51,0.0578097018102805,0.0245450362563133,0.0133253117091954,0.0476722947011391,0.0137447204518442,0.00708999872828523,0.0373557200655341,-0.0761860596636931,0.0317133481924733,0.00397094509874781
52,0.0415862857674559,0.0275376442975054,0.0280125210992992,0.0625096789250771,0.0223510869157811,0.0120128123089671,0.0332134052490195,-0.0823329550524553,0.0252802312994997,0.00276844044371198
53,0.0391133078373969,0.0153542032154898,0.0515603969494502,0.0405158645783862,0.0073411522898823,0.0209433035925031,0.0194011001537244,-0.0757738625009855,0.0176430080706875,-0.00261749156925362
54,0.0340925720520318,0.0397248460600773,0.0346355134000381,0.0356179686884085,0.024115914478898,0.0196388874125356,0.0411015351613363,-0.0737307108938694,0.0169544861807177,0.0270925887549917
55,0.0281758895143867,0.0212718869249026,0.0504866410046816,0.0485850585003694,0.0281223476243516,0.00228877577076977,0.0279868058860302,-0.0692414653797944,0.0179798091606547,0.028536435837547
57,0.0457925833761692,0.0176857123151422,0.0233666755569478,0.0338082248345017,0.0222717736226817,0.0302157673674325,0.0123538398183882,-0.0792917553335428,0.0161189082233856,0.00781695808594426
58,0.0454620973517497,0.0331728495657444,0.0294993311787645,0.0548623198022445,0.0143802990205586,0.0201799479934076,0.0384402781104048,-0.0784402117133141,0.0187036620142559,0.000505161626885335
59,0.0349292398119966,0.0345593063781659,0.0298290193701784,0.0616262977321943,0.0074251308105886,0.0109090383630246,0.0208151258217792,-0.0743386459847291,0.0242743606989582,0.0269828410819173
60,0.0389140093078216,0.0247050606412813,0.0463226918751995,0.0155001982057001,0.0270641880730788,0.00780379818752408,0.00516590260425194,-0.0731400288641453,0.0312229171395302,0.0122361305790643
61,0.0506372551123301,0.0355232536482314,0.0282706677292784,0.0166343826179703,0.0144645081988225,0.0226852376945317,0.0288928779773414,-0.0755414503316085,0.0377649363751213,0.014208629145287
62,0.0232956820271081,0.0378510912673341,0.0283754167871343,0.0342176587631305,0.024633485565169,0.0239752677993642,0.0377396994994746,-0.0751074254512787,0.023396893714865,0.00407192951630956
63,0.0403363204871615,0.0241414926325281,0.0222025602124631,0.0345659845819076,0.0384686042865117,0.00566934429419537,0.0263961643601457,-0.0767683113614718,0.00357629282128376,0.0059909539995715
64,0.0538529743041311,0.0221452112974865,0.0227300361064928,0.0637834380779948,0.00590261311403343,0.0232429026759097,-0.00176989242234933,-0.0705503800085613,0.0300023233784097,0.0132608073763549
65,0.0387762590932349,0.0100564346976171,0.0302095698813597,0.0453096432611346,0.0265600626201679,0.0236102769461771,0.0103253268171102,-0.0769673610726992,0.0441609558959802,0.0200893448976179
66,0.0297143246978521,0.0199070720467716,0.0577864646911621,0.037258617952466,0.0148556761443615,0.00422163803305011,0.0302977420389652,-0.0747553467750549,0.0202201060950756,-0.00282101160846651
67,0.047247693563501,0.0172025766223669,0.0267976438626647,0.0567405615001917,0.0199441274938484,0.00158978160470724,0.0242844691189627,-0.0722552401324113,0.0316879531989495,0.0149994817717622
68,0.0367230819538236,0.0247573194404443,0.0262297394995888,0.0437137143065532,0.0156111460334311,-0.00262143497820944,0.0416554251375298,-0.084817323833704,0.0280003296987464,-0.00488514939691716
70,0.0396995215366284,0.0293686026707292,0.0251015635828177,0.0474912337958813,0.013579360791482,0.00274285716780772,0.039681908984979,-0.0757946036756039,0.0144005076532873,0.0112723600274573
71,0.0455145891755819,0.0109545846935362,0.0284870397299528,0.0563069265335798,0.0530605510187646,0.00979677715804428,0.0020508919939554,-0.0720800931255023,0.0165049437588702,0.0107228280200313
73,0.0376213306250672,0.00566735972339908,0.0248844623565674,0.0490605238204201,0.0272618401795626,0.0149775551787267,0.0213075930563112,-0.0799928444127242,0.0424181269481778,0.01053142574771
74,0.0373101709410548,0.00533903511435104,0.0362319722771645,0.0299848283175379,0.0137184191359362,0.00973183965349259,0.0127527038566768,-0.0818541782597701,0.0246940772049129,-0.00432587003645798
75,0.034137606776009,0.0093947415977406,0.0344110190247496,0.0549968844279647,0.0239126870098213,0.000826668491451225,0.00429568558077638,-0.0747410853703817,0.0113090939121321,0.0102241685381159
76,0.0382398281246424,0.0207103628665209,0.00676107285544276,0.0434303946793079,0.0295725269243121,0.0233950540423393,0.0210907085798681,-0.0768763303756714,0.0244780227541924,0.000930915266508237
77,0.0496346216648817,0.0235019989311695,0.0289694163948298,0.0252262169495225,0.0261826975271106,0.014465400390327,0.000430137466173619,-0.0822510048747063,0.0139275528490543,0.023218322917819
78,0.0333612392035623,0.0268696179652276,0.0311016185830037,0.0320672507708271,0.015653321131443,0.0119603810211023,0.033152735690237,-0.0781113306681315,0.0300920720522602,0.0132701785866326
79,0.02524612362807,0.0219876510091126,0.0335657998609046,0.048727602387468,0.0221925034808616,0.0227683240082115,0.0133245572020921,-0.0755568196376165,0.0248431580451628,0.016791105347996
80,0.0155107420093069,0.00497879092290532,0.0174462557770312,0.0503397844731808,0.0230680517852306,0.0221589636154628,0.0260728987244268,-0.0786992857853572,0.0290862045561274,0.012204777468772
81,0.0455202596882979,0.0301846253375212,0.049635061994195,0.0351740854481856,0.031290822972854,0.0172679299333443,0.0304563629130522,-0.0749790240079165,0.0299476276462277,0.00810384641711911
82,0.0332395639270544,0.0148720137774944,0.018003012239933,0.0495384857058525,0.0341549813747406,0.0113777365535498,0.00520195988938212,-0.0827045395970345,0.0231820378452539,0.0178129615262151
83,0.0519544947892427,0.00924665371470231,0.0480267917737365,0.0415388277421395,0.0277712948154658,0.0167176032749315,0.0133408418235679,-0.0745989643037319,0.0199442747980356,0.00266269705025479
84,0.0516993872821331,0.018133208528161,0.0250033158808947,0.0341103249229491,0.0176832175813615,0.0179326327517629,0.0281052112579346,-0.0732399865984917,0.0149927999824286,0.0174807561561465
85,0.0447228479509552,0.0259302854537964,0.0379569738482436,0.0235039126127958,0.0205761243899663,0.0209680329232166,0.0162455443642102,-0.0820615539948146,0.0199145049167176,-0.00902079785979974
86,0.0245103437143068,0.00567614307510667,0.0424278763433297,0.0345021984539926,0.0369793080414335,0.00868212451556853,0.0451620628397601,-0.0718844619890054,0.0165958848277417,0.0125281286115448
87,0.0488345231860876,0.00828886354186883,0.0189696818124503,0.0327611289297541,0.0437189613779386,0.0177876336189608,0.0160615116474219,-0.0769930543998877,0.00512795632433457,-0.000693050057937702
88,0.0484811508407195,0.0187935763193915,0.0572210090855757,0.0417254641652107,0.0269127114055057,0.0125820358516648,0.00213126131954292,-0.078397690008084,0.0231772346111635,0.0053589796104158
89,0.039238562186559,0.00892225140705705,0.0396300169328848,0.0315787550061941,0.0242778634807716,0.0061138350283727,0.0239570551008607,-0.0759423598647118,0.0356663952892025,0.0232245127748077
90,0.0566216848790646,0.0313977587968111,0.0347985465079546,0.0239269595593214,0.021168602630496,0.0197353355586529,0.0401714455336332,-0.0755299046635628,0.0179792429087684,0.0104868073482066
91,0.0396695726861556,0.0133278446737677,0.0144512920329968,0.0315497651075323,0.0144572752760723,0.0183476811895768,0.032633966455857,-0.0804400642712911,0.0276877720219394,0.00695981360816707
92,0.0250760798032085,0.0396215071280797,0.01963529518495,0.0452504724574586,0.0220051274324457,0.0220047725985448,0.0110019204633621,-0.0775620192289352,0.00662967614334775,0.0229211662275096
93,0.0340876595250198,0.0407327865915639,0.0189427948955979,0.0274426929120507,0.0122543037203806,0.0133641487918794,0.025678672428642,-0.0803896061011723,0.0163526582265539,0.00208973907865584
94,0.0389452756692966,0.0339450472965837,0.0257890544210871,0.0278614622851213,0.0334803126752377,0.0276311219592268,0.028447341794769,-0.0743092782795429,0.00840223345342868,0.00730243872385472
95,0.0324262883514166,0.0267331277951598,0.061426417529583,0.0269145645201206,0.0211581164970994,0.0148810599930584,0.00913482101168483,-0.0720037013292313,0.00410855376394466,0.0176739966496825
96,0.0298778552561998,0.0156498912721872,0.0239698145538568,0.0328795085661113,0.0279352318495512,0.0116059574764222,0.0145042712334543,-0.07628173828125,0.0205757213756442,0.0220380822196603
98,0.0358805850148201,0.0195859645493329,0.0329430371522903,0.0434914700686932,0.0256951132789254,0.0229419965296984,0.0152787638362497,-0.0838832691311836,0.0112773016560823,0.010376800596714
99,0.0575798619538546,0.0195809922491511,0.0369287400195996,0.0413390807807446,0.0179758337326348,0.0122433891325879,0.038760987110436,-0.070129736016194,0.0179968306329101,0.00583377860796948
100,0.0341906904553374,0.0238446209114045,0.0375801833967368,0.0151782961911522,0.0368501059710979,0.0210408748437961,0.0117247724168313,-0.0743230481942495,0.0161953799348945,0.0179959444018702
102,0.034377783164382,0.000335606641601771,0.0277409855276346,0.0375575199723244,0.030867587774992,0.0152490127598867,0.0118343392387033,-0.0812056198716164,0.00488089546270203,0.0142607521265745
103,0.0503524790207545,0.0140669853426516,0.0204228310224911,0.0376514156038562,0.0224108584225178,0.0209627027312915,0.0206049508415163,-0.0731710344552994,0.0315212045485775,0.0144203883246519
104,0.0362444892525673,0.0130019780869285,0.0390292673061291,0.0515864665309588,0.0274527332124611,0.0189036401861813,0.00637978103865559,-0.0813561292986075,0.0194086246192455,-0.00311059229231129
105,0.0378539059311152,0.0580087167521318,0.027561705869933,0.0438014315441251,0.0236425294230382,0.030018737539649,0.0150950404349715,-0.0704723286132018,0.0227952694209913,0.0241914041495572
107,0.0281206878523032,0.0137030242088561,0.0189267831544081,0.0359299452975392,0.0279582173097879,0.023464790545404,0.00761220309262474,-0.0753425235549609,0.0151035272671531,0.0245644080763062
108,0.0434688149640957,0.00204901452525519,0.0294035735229651,0.0249695247039199,0.0136063222307712,0.0222835849660138,0.0197388967499137,-0.0754590493937333,0.0261547875901063,-0.00152617700708409
110,0.0429923341919978,0.0119730334651346,0.0250422769847016,0.0410146415233612,0.0184296530981859,0.028716059634462,0.0243864630659421,-0.0799690050383409,0.0363882088180011,0.00271925626050991
111,0.0346389779200157,0.0240424438088667,0.0701468978077173,0.0284950934971372,0.0213789440070589,0.0093378119636327,0.0398567067459226,-0.0760180254777272,0.0287050862486164,0.00656699469739882
112,0.0244879303500056,0.0158544649990896,0.0224146223627031,0.0448798059175412,0.0298304042468468,0.0102469956812759,0.0182766338499884,-0.0799840167164803,0.00560705664490039,0.00341528149632116
113,0.0495101021868842,0.020902985523987,0.0263537992058056,0.0148412010582563,0.0129104475490749,0.0143564805288666,0.0237531217613391,-0.0759855093700545,0.0211386304082615,0.014471037288396
114,0.0200284385743241,0.0185461901516343,0.0266140193367998,0.02463323995471,0.0297456158635517,0.02304295093442,0.038831977173686,-0.0759002553919951,0.0151671634909386,0.00691147334873676
115,0.0336215472780168,0.0227678546992441,0.0384653589377801,0.0487157125025988,0.035590811787794,0.00601956814837952,0.0086319773302724,-0.0783686166008313,0.00908290455117822,0.00915415850856031
116,0.0436024676476206,0.0312038601509162,0.0281104847256626,0.0422601899398225,0.00819017415051349,0.0115408875447299,0.009419922134839,-0.0755233062165124,0.00873385178523936,0.0145939467142203
117,0.0570077362159888,0.0310047293702761,0.0228012108709663,0.0323408897966146,0.0192754340047638,0.014176354277879,0.0117403325469544,-0.0750204144666592,0.00536322719805564,0.0095268563212206
118,0.0413175200422605,0.0139853324314269,0.0137324094733534,0.0371564577023188,0.013118123402819,0.0172690747616192,0.0401445903504888,-0.0800115143259366,0.0344656469921271,0.00376372167374939
119,0.0417159150044123,0.0290552622949084,0.0287649007514119,0.0286840119709571,0.0431033459802469,0.0254760750879844,0.0424507198234399,-0.07167674228549,0.0334415522714456,0.00706833686369161
120,0.0431822083890438,0.00328700710088015,0.0337674275040627,0.0215796171687543,0.0301335591822863,0.0267737124115229,0.0246031057089567,-0.0720400273799896,0.022644311003387,0.014598500286229
121,0.0277159580339988,0.0146868948359042,0.0407321139549216,0.0406559075539311,0.0225774964783341,0.0155953184391061,0.0500714603501062,-0.074411532531182,0.00600356810415785,0.0140616503971008
122,0.0292474629047016,0.011848844277362,0.0315649956464767,0.0451793077712258,0.0210610391416897,0.0141402971251712,0.0307029858231544,-0.0809311456978321,0.0417746907720963,-0.0023497772247841
123,0.040493691029648,0.00699204351985827,0.0426659118384123,0.0303589124232531,0.0212515645350019,0.0123554328456521,0.00446571813275417,-0.0774624459445477,0.0266864422398309,0.0059102995825621
124,0.0345388619850079,0.0167562230878199,0.0521267720808586,0.0231028132451077,0.0173172117987027,0.00752751311908166,0.0364090084719161,-0.0762885337074598,0.0145909330264355,0.0144264950843838
125,0.0433138220881422,0.0217465759681848,0.0425648503005505,0.0262997381699582,0.0219807274018725,0.0134934098144489,0.0482946746051311,-0.0768386051058769,0.0179339329091211,0.00689587160013616
127,0.0344556191315254,0.00691872895307218,0.0225500307666759,0.0661801503350337,0.0135826452557618,0.0079577443927216,0.028190717411538,-0.0739793889224529,0.0225032265298069,0.00569775797581921
128,0.0352399147426089,0.0179001815073813,0.0292895045131445,0.042858066658179,0.0110784222876343,0.0232009378572305,0.0234214329781632,-0.0859090661009153,0.0554814816763004,0.0137864874365429
129,0.0442156296533843,0.0273764157512536,0.0355282003680865,0.0538348940511545,0.00575423943034063,0.01648947239543,0.0250480632918576,-0.0768338466684024,0.0232429343741387,0.0198595722516378
130,0.0663122975577911,0.023995757723848,0.0281562299157182,0.0181361207117637,0.0392801286652684,0.0148732607873778,0.0148367273092542,-0.0736441972355048,0.0344561909635862,0.00987979889517495
131,0.0386807747806112,0.0114445048384368,0.0468428172171116,0.0495490673929453,0.0190604445524514,0.00195444032700228,0.0142260327314337,-0.0777420227726301,0.0105343994994958,0.0187582437259456
132,0.0278546754270792,-0.00144309961857895,0.0318345647926132,0.0572737120091915,0.0215094167894373,0.00349604086174319,0.00349185198623066,-0.0806741019090017,0.00977105124426695,0.00994366510227943
133,0.0237219299500187,0.0157253143067161,0.0324854116576413,0.0295404329275091,0.0426450911909342,0.0180833793322866,0.0212340061552823,-0.0857196934521198,0.0286151248340805,0.0194780731884142
134,0.0359315566718578,0.0124562412966043,0.0475170232355595,0.0363874204456806,0.0342673193663359,0.000296536507084966,0.0151330151129514,-0.0764737814664841,0.0108904032967985,0.0184442518744618
135,0.0338083316705057,0.0148837501848383,0.0299727879464626,0.0251630274578929,0.0394695781703506,0.0312580508845193,0.000732383898658944,-0.0763005114027432,0.0209984010351556,0.00336726734946881
137,0.0334554580040276,0.0219182913812498,0.0425749607384205,0.0457674680898587,0.0186303292478745,0.00600858991189549,0.0217792604429026,-0.0800973623991013,0.0145785587374121,-0.00255320235737599
138,0.0357110758445093,0.0242768370413354,0.0417044817336968,0.0324863061042769,0.0067050723342358,0.0152457305864248,0.00876267334180219,-0.0780873309288706,0.0512652618012258,0.0170785040993776
139,0.0251947804354131,0.0144040612406873,0.0400967942550778,0.0358748507375518,0.0355206647266944,0.0278531489893794,0.00553820367592076,-0.075698575625817,0.00500894254461552,0.0189797128550708
140,0.0389427553862333,0.0101445643696934,0.0129539938876405,0.058582965284586,0.0278593581169844,0.0135746969841421,0.0117311949841678,-0.0772707521915436,0.0124263197183609,0.0207607049494982
141,0.0202537160366774,0.0255541891480486,0.0348113710060716,0.0221292219745616,0.0321475761011243,0.00529091502539814,0.0111041294100384,-0.0760776723424594,0.0396014141539733,0.00808860291726887
142,0.0365884006023407,0.0273810907577475,0.0547452578321099,0.0451279133558273,0.0292933437352379,0.0106851595531528,0.0210617620614357,-0.0785828431447347,0.0250016729114577,0.0168351880274713
143,0.0336603969335556,0.0038912901460814,0.0249728641162316,0.033778821118176,0.016146087863793,0.0140687603658686,0.0114906581972415,-0.0780652711788813,0.015371270555382,0.00722034302695344
144,0.0441937788079182,0.0396450959766904,0.0167542560375296,0.0277114967660358,0.0127261804882437,0.0295563812057177,0.0236732234867911,-0.0747501254081726,0.0446933827673395,0.0091189705611517
145,0.0379085950553417,0.0250584070703813,0.0427943428180047,0.0265180934220552,0.0285871694130557,0.0205931843125394,0.0190588990226388,-0.0729658465300288,0.0389750549303634,-0.000220760653194572
146,0.0373713212708632,0.0200023096986115,0.0288078592469295,0.0158740868015836,0.0156231202029934,0.0139150250858317,0.0448823499803742,-0.0765237075587114,0.0155045405748145,0.00998651880460481
147,0.0659293712427219,0.0279077105224133,0.0343662972251574,0.0431116847321391,0.0132744755440702,0.0136441531746338,0.00741705781547353,-0.0742068663239479,0.0143886882967005,0.0115665594736735
149,0.0453856129199266,0.0228580106049776,0.0386773793026805,0.0280431520193815,0.0229503780603409,0.00993361017899588,0.04439442679286,-0.0792091012001038,0.0377594489604235,0.00324648135574535
150,0.0211994953453541,0.0198708282783627,0.0318793158978224,0.0288724983111024,0.0286422647535801,0.0166410820558667,0.0256631909869611,-0.0871322572231293,0.0203481527045369,0.00759606482461095
151,0.0195278098496298,0.0232829016943773,0.0432384839902321,0.0374959803496798,0.026611785714825,0.00426899262189788,0.0218998122339447,-0.0755907744169235,0.0240129544399679,0.016851868868495
153,0.0426277462393045,0.00338463587104343,0.0403029220178723,0.0170152592084681,0.00752313772682101,0.0120205974283939,0.0512627841283878,-0.0800041829546293,0.0172532452270389,0.00891439958165089
154,0.0407466180622578,0.0231047434111436,0.0297687364121278,0.0391590083017945,0.0287939874748796,0.0126506348218148,0.0476252022199333,-0.0825626763204734,0.00257415134304514,0.00491019891342148
155,0.0271814703010023,0.00780614686664194,0.0382990321765343,0.0375007692103585,0.00929548234368364,0.0173569705026845,0.0204083759648104,-0.0754969976842403,0.0286086814788481,0.0199919788865373
156,0.0550868933399518,0.0368763677154978,0.041804239153862,0.0331626034652193,0.0137204258838513,0.0118845667845259,0.0213358006440103,-0.0726260530451934,0.014597403894489,0.0111042622011155
157,0.0298254500542368,-0.00364728424964207,0.045275678858161,0.0361143213563732,0.0243227094677942,0.0107609144678073,0.0201008055300917,-0.0813573215688978,0.0266599051122154,0.0142093771137297
158,0.0382255151246985,0.00282100502712031,0.0365679908233384,0.045439303231736,0.0382865890860558,0.00598938842692102,0.00961493620222124,-0.0793526309231917,-0.000340527932470043,0.00649076878714065
159,0.0290823676623404,0.00682013047238191,0.0294080086362859,0.0331933608589073,0.0490837066123883,0.0112440184845279,0.0136745233709613,-0.0791777620712916,0.0217499268862108,0.0151102226227522
160,0.0310647614921133,0.0216509101931782,0.0221623306473096,0.0476263485228022,0.014968802977819,0.00671904877526686,0.0382632523154219,-0.0802234734098117,0.0382990467672547,0.0166203263215721
161,0.0422257162630558,0.0115361388074234,0.0230663225054741,0.0309433162212372,0.0359186112880707,0.00810579904355109,0.0325878754258156,-0.0781186863780022,0.0211622519418597,0.0165600784122944
162,0.0225747249399622,0.0112389755668119,0.0341050553446015,0.0333990106980006,0.0220901411958039,0.0139690097809459,0.053567282234629,-0.0758789107203484,0.0286330217495561,0.00836260135595997
163,0.0550087758650382,0.0281281710291902,0.0255584381520748,0.0350517469147841,0.0109956164378673,0.0127667190196613,0.0181138175539672,-0.0813293221096198,0.0215949219806741,0.000350337824784219
165,0.0330365393310785,0.0273566250689328,0.0416280422359705,0.0299468184821308,0.0196561038804551,0.00944615586195141,0.0466499842392902,-0.0779624034961065,0.0248232566130658,0.0217069424300765
167,0.0370157327502966,0.0129278615117073,0.0473206967115402,0.0126403672620654,0.0192087579518557,0.0114244665019214,0.017949940986,-0.0841600492596626,0.0308009590953588,0.0212360493838787
168,0.0211570219447215,0.0203204350546002,0.0365576023856799,0.0190157958616813,0.0217799091090759,0.0150325812088946,0.0296789131437739,-0.0783593791226546,0.011301665334031,0.00427491174195893
169,0.0458644774875471,0.017173111106136,0.0324911640158721,0.0396454938288246,0.0133618739200756,0.00893083740291851,0.0281491506778236,-0.0728730814797538,0.0485558146610856,0.0046016141921947
170,0.0486666935806473,0.018756943444411,0.0207678043128302,0.0618995437398553,0.0213056194285552,0.0178219497950825,0.00997505880271395,-0.0718299013872941,0.0442338790744543,0.00870705393996711
171,0.0450517483055592,0.0167903205379844,0.0274539707228541,0.0531756386160851,0.0283066153526306,0.0301358953118324,0.0210656669922173,-0.0734420627355576,0.0134314861265011,0.00599836904173685
172,0.0140614777725811,0.0191252524964511,0.026311402519544,0.0259402624020974,0.0138653602140645,0.00889242402627133,0.0502935837333401,-0.0802309115727742,0.0145428385585546,0.02338789558659
173,0.0543602978189786,0.0261454824358225,0.0302265025675297,0.0202577151358128,0.0391398731929561,0.00859721144661307,0.0134777355318268,-0.0814918577671051,0.0107903397486856,0.00277844893086391
174,0.0426003165543079,0.0140605945140123,0.0314179923385382,0.0295426655560732,0.0344648458063602,0.0280876759439707,0.00677707083523274,-0.0827485293149948,0.0191483495756984,0.00887236976996064
175,0.0523727852851152,0.013916304645439,0.0382061187798778,0.0275503892141084,0.0202016434632242,0.00710479567836349,0.00481460519949906,-0.0804259280363719,0.0323190133397778,-0.00553813862885969
176,0.0408070981502533,0.0303332069888711,0.038642224855721,0.0214412842566768,0.0103406580941131,0.0193801280111074,0.0230063999382158,-0.0819074970980485,0.0104792355947817,0.0103278685322342
177,0.0292846295982599,0.0101724381558597,0.0629641696810722,0.0276418689638376,0.0292047511786222,0.0128714893944561,0.00642388905398548,-0.0766963943839073,0.00985148446488893,0.00102349687367678
178,0.0311702769249678,0.0158865981114407,0.0284855083251993,0.0379068308199445,0.0346080778787533,0.00182581824871401,0.0265096978594859,-0.0800326131284237,0.0336407075325648,0.00798265961930156
179,0.0219239291424553,0.030121515194575,0.0286801597103477,0.0314697464928031,0.0161844628552596,0.021694777533412,0.0513662522037824,-0.0757443072895209,0.0407251364861925,0.00915541201053808
180,0.0474607969323794,0.0154346250346862,0.0246902393798033,0.0198939709613721,0.00931238716778656,0.0313517941782872,0.00724932426237501,-0.0759262877206008,0.0427377942639093,0.0170225322556992
181,0.0757067513962587,0.0120436115757911,0.0394092885156473,0.0203871174405019,0.0137059569048385,0.0138759813271463,0.0236481735482812,-0.0794235666592916,0.0264439893265565,0.019742741365917
182,0.0395980797708035,0.0165375747252256,0.0423214323818684,0.0461083523929119,0.0110727127175778,0.0243569433689117,0.00272711241850629,-0.0750589370727539,0.0643110744655132,0.00344335653353482
183,0.0553162495295207,0.00639141058006013,0.0214591844317814,0.032052588959535,0.0276185733576616,0.0140384247351903,-0.00423614783600594,-0.0743480535844962,0.0147015989447633,0.0141301011511435
184,0.0347580183297396,0.0192496767267585,0.0203764977244039,0.0277268579229712,0.0331641712691635,-0.00336082062373559,0.0159396317321807,-0.0807746760547161,0.0268865587810675,0.0175068941898644
185,0.0234246222923199,-0.000416483730077744,0.0264736528818806,0.0360429501160979,0.0192064102739096,0.0108674337388948,0.0341408063347141,-0.0813025869429111,0.0264162290841341,0.0151989961353441
186,0.0498742766678333,0.0234272023662925,0.0407407458871603,0.0268425829708576,0.00748904955107719,0.0188763845711947,0.00805582366883755,-0.0797411814332008,0.0184954674914479,0.0104520825203508
187,0.0380450002849102,0.00950061529292725,0.0334809526801109,0.0593463011085987,0.0218456329777837,0.013608549721539,0.0219514321535826,-0.074349969625473,0.0366609290242195,0.0197709985077381
188,0.0380921973181622,0.0266374867143376,0.0316901164395469,0.0459572382803474,0.0175394880851465,0.0063398806544553,0.0121054894157818,-0.0778407997318677,0.0216152393342262,0.0158612732775509
190,0.0346762994304299,0.00798968439145635,0.0296974076579014,0.0445166944215695,0.0203852237512668,0.0267900619655848,-0.0011901372927241,-0.0758781246840954,0.0130328610539436,0.0121005749388132
191,0.0359133287953834,0.0447701731075843,0.0262593890850743,0.0585039431850115,0.0130338874490311,0.013566365543132,0.0207215927075595,-0.0774212914208571,0.0261903100957473,0.00979382878479858
192,0.0182648338377476,0.00656340524022068,0.0509650249566351,0.0536863346185003,0.01907961692528,0.0163617831255708,0.0188639403453895,-0.077283786875861,0.0147192524392657,0.0131773669272661
193,0.0446536291390657,0.0253109154291451,0.0179423796012998,0.0360664002597332,0.034433882124722,0.014654088113457,0.00496203359216452,-0.0736077263951302,0.0228336809203029,0.00193113340064883
194,0.0278480378910899,0.014727172824981,0.0203362974959115,0.031910113679866,0.0252713048054526,0.026338222126166,0.0304041060929497,-0.073497715095679,0.0365714548776547,0.0237778976249198
196,0.035994365811348,0.032516384186844,0.0189463899781307,0.0403990317136049,0.0369286468873421,0.0195572668065627,0.0227561262436211,-0.078186247497797,0.0220077812361221,0.0135661986811707
197,0.0327656290804346,0.00623721752102332,0.0265905149281025,0.0428807990004619,0.0531585533171892,0.0117406644082318,0.0346058819365377,-0.0737848058342934,0.0129458596929908,0.019673574793463
198,0.0441455064962308,0.0379827261591951,0.0265698300984999,0.0260608745738864,0.022170822446545,0.0102585752417023,0.0395627633358041,-0.0765613975624243,0.045837389305234,0.00614272927244504
199,0.0432889796793461,0.0148225825590392,0.0202169950741033,0.0373441120609641,0.0291071102644006,0.00572551239747554,0.0118627607201537,-0.0728526301681995,0.0464571639895439,0.0132825277202452
200,0.0275555416941643,0.0162753618322313,0.0179725704714656,0.0335798218846321,0.0244535278528929,0.0123113857582212,0.0361208070069551,-0.0785777866840363,0.000211363518610597,0.00806650756858289
201,0.0480443021903435,0.0321112515715261,0.0245084037693838,0.0393207104255756,0.0270644569924722,0.0107108811013556,0.0427375975996256,-0.0799871236085892,0.0219916097509364,0.0145697314292192
202,0.0418187106649081,0.0563428718596697,0.0304280913745364,0.0364991609628002,0.00998514901342181,0.0194969456642866,0.0191008794742326,-0.0700667761266232,0.0345763353010019,0.0192589652724564
203,0.0520942850659291,0.0188060684595257,0.0215785393180947,0.0444848298405608,0.0458016976093253,0.00804326954918603,0.0146473201845462,-0.0741317955156167,0.0276891286484897,0.018245529771472
204,0.0318423354377349,0.0168823502026498,0.0266808563222488,0.0606478446473678,0.0115613869080941,0.0102057344532417,0.0370739491190761,-0.0731916079918544,0.0448269707461198,0.000193214761869361
205,0.0215313828084618,0.0116151596885175,0.023800991786023,0.0460287121435006,0.0170453725149855,0.0137055378096799,0.0170875596037755,-0.0755637722710768,0.0496776237462958,0.0158431691428026
206,0.0370365101844072,0.0119329718872905,0.0319692303116123,0.0463172843058904,0.0169053394347429,0.00555599852426288,0.043724512681365,-0.0782294968763987,0.0339522591481606,0.0138529676478356
207,0.0263382294215262,0.0114944731661429,0.0412196703255177,0.042250883144637,0.0168548628377418,0.0164373951653639,0.022177138676246,-0.0802361071109772,0.035892919326822,-0.00331124724713542
208,0.0400374148351451,0.00804559437832116,0.0241886763445412,0.0498791858553886,0.026797717747589,0.0269489347313841,0.0020072131883353,-0.0768580275277297,0.0183261749334633,0.00675036593262727
209,0.0577712608501315,0.0143057608511299,0.0368401107067863,0.0521725242336591,0.021405714408805,0.000426385668106377,0.00454922125209123,-0.0728530337413152,0.0077793806946526,0.00540890183765441
210,0.0247195878376563,0.0303204546992977,0.0300275742386778,0.0485490243881941,0.0137613584520295,0.00717558778220943,0.0126410315666969,-0.0802480317652225,0.00746278538523863,0.007073783975405
211,0.0638202981402477,0.040203770622611,0.0299834528317054,0.0285638198256493,0.028251168007652,0.014329985405008,0.0129584519503017,-0.0748476572334766,0.00992080883588642,0.00261408049846068
212,0.031855667126365,0.0232609080849215,0.0348842160310596,0.0328465872444212,0.0189557565608993,0.0158247557119466,0.015686451253714,-0.0755200982093811,0.0347588085569441,0.0346138254972175
213,0.0425603069365025,0.000967704047798179,0.0179871264845133,0.0468959391117096,0.016061632707715,0.00544280558824539,0.0118961329106241,-0.0796714261174202,0.0185230480507016,0.00610854751430452
215,0.0450682662427425,0.01754065095447,0.0429580323398113,0.0364547226577997,0.0229455074295402,0.0134318984113634,0.00653501716442406,-0.0780693709850311,0.00134024699218571,0.0129076592624187
216,0.031587335281074,0.00550496415235102,0.0312259246905645,0.048313137764732,0.0310887678836783,0.00306932732928544,0.0288035301491618,-0.0809536551435788,0.0128877880827834,0.0366179371873538
217,0.0268390856683254,0.0379468407481909,0.031886163726449,0.0200157979503274,0.0336870040744543,0.0263426907360554,0.00249933221493848,-0.0728205904364586,0.0268494455143809,0.0201850892975926
218,0.0503696128726006,0.0174770164303482,0.0273907588173946,0.0539876464754343,0.0109412848638992,0.0195563367257516,0.0132748853842107,-0.078367588420709,0.0439856064816316,0.00577708564621086
219,0.0407731144555977,0.0358746187495334,0.0219895283891154,0.0291369085067085,0.02879538120968,0.0196319271677307,0.0226425548483218,-0.0688786996262414,0.032643669018788,0.034049751636173
220,0.0231497585773468,0.00436009784849981,0.0288293187816938,0.0430669011548162,0.0332651035860181,0.0132955356190602,0.0356729162546496,-0.075615830719471,0.0139015568420291,0.0239526402826111
222,0.0225865955774983,0.0247171983743707,0.0216663063814243,0.0347319173937043,0.0345183916700383,0.0117727438143144,0.0225855158059858,-0.0770288469890753,-0.002560449220861,0.0161545908388992
223,0.0343401782214642,0.0240051869302988,0.0227838721126318,0.0382180947810411,0.0289206416346133,0.0040756830945611,0.0453577696345746,-0.0836015626788139,0.0257256526499987,0.00178933339193463
224,0.0310281071191033,0.0241639053759476,0.0414177775382996,0.0494378500928481,0.0212605898268521,0.00337701962901823,0.0411507626995444,-0.0765326408048471,0.0165467897895724,0.00416085347630239
225,0.0307803417866429,0.0163395388420516,0.023566655193766,0.0373993891601761,0.0237427648777763,0.00981187755436016,0.0196712824205558,-0.0744306196769079,0.0467840097844601,0.0326500367373228
226,0.0405363409469525,0.0224115288195511,0.0397185133770108,0.0351777017737428,0.0148386408109218,0.00594666817535957,0.0142636285163462,-0.0790131265918414,0.0284450966864824,-0.000839122105389833
227,0.058167581136028,0.0173549822065979,0.0231402615706126,0.0476442463696003,0.0162637785348731,0.0141901450697333,0.0104350140415287,-0.0767717721561591,0.0325530994062622,0.0180561930562059
228,0.0586616070941091,0.0151003668239961,0.0212795452680439,0.0401974438379208,0.0278340807805459,0.0296369030450781,0.0212753336697157,-0.0767039793233077,0.0101441005002319,0.014569278631825
230,0.0321213576632241,0.0248805152562757,0.0228292308747768,0.0287869599026938,0.0130175621404002,0.025303609824429,0.0301564919451873,-0.0778630077838898,0.00978978401205192,0.0228192812452714
231,0.0603211230287949,0.00806459360076891,0.0246812941816946,0.0225095868421098,0.0236590964098771,0.00914238175998131,0.0132745748075346,-0.0751868722339471,0.00965856350376271,0.00884052391241615
232,0.0471948071693381,0.0481913437445958,0.0239473632536829,0.0389101601516207,0.0217367749040325,0.0213981059690317,-0.00283262191078393,-0.0724032471577327,0.0352627023433646,0.0135686902018885
234,0.023244238148133,0.0104230176657438,0.0369385986899336,0.0422750115394592,0.0334189630423983,0.0223177625642469,-0.00904740816137443,-0.0788781593243281,0.026121015039583,0.0122001161022733
235,0.021217005699873,0.0158160676248372,0.0246398353949189,0.0260532412678003,0.0499156847596169,0.0126581819728017,0.000314958160743117,-0.0798499017953873,0.0197927234694362,0.00339958125259727
237,0.0474613600720962,0.0172955984404931,0.0346347587183118,0.0444944404686491,0.0270554635984202,0.0173096818228563,-0.0041356686851941,-0.0796949838598569,0.019710105843842,0.0195900882051016
238,0.0377133553847671,0.0114206460614999,0.0452073588967323,0.0278125517070293,0.0155267167914038,0.00970384191411237,0.0185535800022384,-0.0717719842990239,0.0026530096802162,0.0119491349517678
239,0.0310338051989675,0.00986573721747845,0.049040874838829,0.0416055612266064,0.0276694303378463,0.0123276656493545,0.0178124258760363,-0.0743131011724472,0.022571630962193,0.00738545458298176
240,0.0248770887653033,0.0326444900905093,0.0484289557983478,0.0218681902624667,0.0275098256145914,0.0198374950947861,0.00789635981588314,-0.0774409286677837,0.0143911308356716,0.0047795170006187
241,0.0504798293113708,0.0144900992978364,0.0248372718691826,0.0446739807724953,0.0157796752639115,0.0182876612991095,0.0124209088273346,-0.0773392677307129,0.0160450571216643,-0.00476705664768815
242,0.0342571474611759,0.0154956059705,0.0468198681871096,0.0302901921483378,0.00151659976836527,0.0140278537680085,0.0144871839632591,-0.0770608087380727,0.0214878615612785,0.0019559014084128
243,0.0421148299550017,0.0202674543640266,0.0322375611091653,0.0226517935904364,0.0269033902635177,0.025392672047019,0.018361276636521,-0.0800675104061763,0.0264946656922499,-0.00221742429615309
244,0.0227593096594016,0.0235173223384966,0.0344129024694363,0.0200000150750081,0.0298087097083529,0.00484359564143233,0.0389004163444042,-0.0778085080285867,0.0393038659046094,0.0187718188390136
245,0.0460230253636837,0.0181699227541685,0.0334454193711281,0.0459894433617592,0.0224879141896963,0.0128740943968296,-0.00144439271534793,-0.0762378916144371,0.012402755022049,-0.00176955375354737
246,0.0464567866708551,0.0105569591812257,0.0468181797436305,0.0431364806635039,0.0226384881617767,0.0114711550995708,0.0346961950750223,-0.0729455979807036,0.00861015649778502,0.0147560981900564
248,0.0385603175188104,0.0189587740848462,0.0202607035947343,0.0563267000640432,0.0330962504570683,0.0137970910873264,-0.000147957005538046,-0.0730333489676317,0.0032736137509346,0.0227129602183898
249,0.0478905364871025,0.0131696974131046,0.0369088848431905,0.0326529107987881,0.01978798978962,0.0207405843927215,-0.00336856404707457,-0.0705284178256989,0.0242508117419978,0.00096505669838128
251,0.0246247654514653,0.0175625133727278,0.0541715044528246,0.0345574965966599,0.0300566104373762,0.0212430001369544,0.00448170652297059,-0.073171568768365,0.0292890412466867,0.002461047610268
252,0.0258972765877843,0.00807949607925756,0.0284924435296229,0.0600429230502674,0.0113500610459596,0.0206132968887687,0.0120842116884887,-0.074183143143143,0.0439507868140936,0.00588922746828757
253,0.0309771677213056,0.00380093028070405,0.0298475410257067,0.0328754939671074,0.0464335573571069,0.0286963925297771,0.00931976343105946,-0.0770033906613077,0.0190180010561432,0.00221091806555965
254,0.0377735274710825,0.0207988454827241,0.0147983942214133,0.0339383355208806,0.0316423270851374,0.0119423419569752,0.00530568471835328,-0.0784746749060495,0.0208319778155003,0.0133348086050579
255,0.0394201517725984,0.0247646092999882,0.0282955756410956,0.0255524736518661,0.0415389388799667,0.0165960501569013,0.030169243303438,-0.0710151307284832,0.0193390739150345,0.00610756063057731
256,0.0312388070548574,0.0349925374612212,0.0430448275680343,0.0423217983916402,0.0142712170102944,0.0198045101327201,0.0388861649359266,-0.0723304313917955,0.0186088283468659,0.00945814807588855
257,0.0272221505641937,0.00461281305179,0.036278048157692,0.0404042549431324,0.0235899349674582,0.00604051772970706,0.0136655374895781,-0.0804215669631958,0.0297273650765419,0.0150779729417991
259,0.0304903583601117,0.00276158098131418,0.0556246483077606,0.0428701620548964,0.0161838817875832,0.00942233317376425,0.0495178261771798,-0.0780749395489693,0.0442340772909423,-0.000473116505114983
260,0.0453560210764408,0.0411623034626245,0.0242508117109537,0.0295298304408789,0.0261237159371376,0.0146557337604463,0.0145745507441461,-0.0787063673138619,0.00883968188427389,-0.00150689971633255
261,0.0533114199837049,0.00735727007365009,0.0367357544600964,0.0358891791353623,0.0164778931842496,0.00462816328702805,0.0315017641211549,-0.0812115743756294,0.0177153768745484,0.0114546219507853
262,0.0437300559133291,0.0254405725747347,0.0331568248569965,0.0413835674524307,0.00927872941829264,0.0272393368184566,0.00197531464509666,-0.0806441932916641,0.0371001604944468,0.0137150189839303
263,0.0391554601180057,0.0106341744831298,0.0433802890280882,0.049795124369363,0.00893215795319217,0.0220537356411417,0.0284088648234804,-0.077980387955904,0.0230943965725601,0.0106193539686501
264,0.0270998759195209,0.0137829372659326,0.025294023565948,0.0414532773196697,0.0407804530113935,0.0016939542721957,0.0286693837493658,-0.0716982841491699,0.0155886889901012,0.0247899003326893
265,0.0453554860626658,0.00207761849742383,0.0406287849570314,0.0195265963363151,0.0450243667388956,0.0150026601428787,0.0111843304087718,-0.0793141797184944,0.0269210251669089,0.0103125314441665
266,0.046026536077261,0.00967601101147011,0.0357845574617386,0.0316641069948673,0.0199701636098325,0.0100899222888984,0.0272445261478424,-0.0779155015945435,0.0476232061162591,0.00495215589180589
267,0.0507584691047668,0.0160628699173685,0.0234897760674357,0.0335569955408573,0.0449648220092058,0.0195621190592647,-0.000449506705626845,-0.0762799397110939,0.0238092143088579,0.00185770628741011
268,0.0449706975370645,0.00146919726394117,0.0221124337986112,0.0320370297878981,0.020330603979528,0.00684212833293714,0.0185170028358698,-0.0705929055809975,0.00676057001110166,0.00868351049721241
269,0.0543283144278186,0.0212516236518111,0.0269668245954173,0.0410910107727562,0.0255356711734618,0.0117037012574396,-0.00169040385766753,-0.0745107574122293,0.022796687537006,0.0206752680242062
270,0.0294128190726042,0.00633885804563761,0.0535054837043087,0.0281071796392401,0.0233164519692461,0.00936831972406556,0.0150008955970407,-0.0750940044720968,0.0389288909112414,0.0130063254230966
271,0.0309063798437516,0.0076278065777539,0.0242202732091149,0.0574424844235182,0.0213283738897492,0.0155086189818879,0.0321091472481688,-0.0747103157142798,0.0349669102579355,0.0127896955527831
272,0.0162676900702839,0.0132009224422897,0.0383033333346248,0.0606725017229716,0.0361765247459213,0.0179240270517766,0.0487121225645145,-0.0757252077261607,0.0266199240771433,0.0145792248658836
273,0.0515769440680742,0.00993430187615255,0.0169489271938801,0.0332411052659154,0.0122306780346359,0.0153977922940006,0.0143803684428955,-0.0789606186250846,0.0266042584553361,0.010155955562368
274,0.0371393281966448,0.00104652166677018,0.0301645146682858,0.0438259957979123,0.015832789116151,0.0232142101352413,0.0343101151908437,-0.0757207510372003,0.0132254252481895,0.00970531456793348
275,0.0366284294674794,0.0247751941593985,0.031768701504916,0.0377036202698946,0.0370730143040419,0.021080171999832,0.0148969253835579,-0.0756850602726142,0.0136152828345075,-0.000965130696082876
276,0.0285933641716838,0.0388001849253972,0.0228061978705227,0.0459012395391862,0.0224936320446432,0.0274290945380926,0.0193595675130685,-0.0748853075007598,9.3857078657796e-05,0.0110822433974439
277,0.0195916624118884,0.0177407036535442,0.0361112787698706,0.054407753671209,0.0156533758466442,0.0173663159948774,0.0113768834853545,-0.0748900088171164,0.00259153173586431,0.00850524543784559
278,0.0343649059844514,0.0033908200954708,0.0455827284604311,0.0346791042635838,0.010942130543602,0.0196507922373712,0.014903360667328,-0.0742003284394741,0.022977065294981,0.0106819243458934
281,0.0526418685913086,0.0288857622072101,0.0392338993648688,0.047123011512061,0.022772403433919,0.0197540217389663,0.020321083565553,-0.0683030616492033,0.0311217211807768,0.00287669479924565
282,0.0270212742810448,0.0249018621010085,0.0316283004358411,0.0417032493278384,0.0135213848358641,0.0332082247671982,0.0151304363971576,-0.0796859475473563,0.0118184398015728,0.0106961223258016
283,0.0293031048029661,0.00232978910207748,0.0417060378938913,0.0412854805588722,0.0103758157230914,0.0254622370004654,0.041857897862792,-0.0740756347775459,0.0412224482744932,0.0118597977794707
285,0.0338117793823282,0.0332989394664764,0.0430105210592349,0.0335647538304329,0.0377683782329162,0.0099834642217805,0.0254322026545803,-0.0745779809852441,0.043585998006165,0.00565526391922807
286,0.0244827813779314,0.0365563137456775,0.024219895609551,0.0335027455455727,0.0470207372887267,0.0148996254429221,0.0107813463158285,-0.0742013520664639,0.0344057126591603,0.00788144674313824
287,0.0302081182599068,0.0545048782868045,0.0243237762312804,0.0395393116133554,0.0240625145712069,0.010982025780582,0.0204801826371944,-0.077173718384334,0.0123918034535434,0.00930242885702423
288,0.0482173331081867,0.00112437735660933,0.0176889741793275,0.0306821059435606,0.0193796972278506,0.0180952440947294,0.0324631027877331,-0.0798604398965836,0.0449993047863245,0.0121786934323609
289,0.0302713106253317,0.0177350158670119,0.0381995314466102,0.036507714007582,0.0222506171890668,0.00889839132183365,0.0276006493482523,-0.077667661011219,0.0236820130875068,0.0188225004822016
291,0.0519746647526821,0.0172497381766637,0.0223542894236743,0.0373477842658758,0.0233823748615881,0.00396038650069386,0.00307850925795113,-0.0815822271009286,0.0110556526536432,0.00993778137490153
292,0.0218677053760205,0.00271181652039689,0.0396341606974602,0.0507703934397016,0.0255219231226615,0.0137234595604241,0.0162403556917395,-0.0793047430259841,0.0211695726694805,-7.33777581314955e-05
293,0.0532846383750439,0.0337151142186485,0.0216419285163283,0.0318346209824085,0.0295899654738605,0.00972541290102527,0.0229934729635715,-0.0735917404294014,0.00981758935377002,0.0162394723854959
294,0.0326765136172374,0.00409313146762239,0.0361858184138934,0.0204406245611608,0.0180778281840806,0.00904540462458196,0.0359998336061835,-0.0797462041179339,0.0102625956448416,0.0181361904057364
295,0.0268224555378159,0.00661110411116776,0.035352835431695,0.0415305811911821,0.0115379258058965,0.0115740183197583,0.0313170114532113,-0.0787642747163773,0.0389628726989031,0.0283377015342315
296,0.0403778441250324,0.00870778703635248,0.0253990961549183,0.0249771047383547,0.0182843265744547,0.0385440128544966,0.0262682298198342,-0.0748424461732308,0.0255711100374659,0.0176605954766273
297,0.0358331622555852,0.0227302021812648,0.00804843990287433,0.0446093970288833,0.0232813943487902,0.0147969330040117,0.00899833157503357,-0.0766078035036723,0.037562637279431,0.00565537537719744
298,0.0354839898645878,0.0293129427358508,0.0483328603208065,0.0370200149714947,0.01672707432881,0.023093069344759,0.0128181126900017,-0.07070666924119,-0.00145517368691799,0.0196949617937207
299,0.0353898812706272,-0.00153090036474168,0.0207863838101427,0.0397241326669852,0.0220676857279614,0.0161270345561206,0.0161096662438164,-0.0793488894899686,0.0273554129526019,0.021302773617208
300,0.0380073857183258,0.00329117313958704,0.0292918511355917,0.0610547134031852,0.00868570713403945,0.0192865440621972,0.00964545590492586,-0.0848243273794651,0.00985730074656506,-0.000359763236095508
301,0.021077244154488,-0.00172739356639795,0.026407793785135,0.0184809659452488,0.0248761263986429,0.0218203926148514,0.0207572782722612,-0.0816073641180992,0.035625674839442,0.00986951553689626
302,0.0365730186126062,0.0331500224503023,0.0176583001656192,0.0277719529611724,0.0170485702775685,0.0211398926164423,0.00969160634226033,-0.0767231913549559,0.0340875738433429,0.0124963650346867
303,0.0406921536972125,0.0144818072828154,0.0220557095793386,0.0561287521074216,0.0458766386533777,0.0168985816805313,0.00942196743562818,-0.0745019813378652,0.0280688361575206,-0.00344348566917082
304,0.0347968138754368,0.00958824183326215,0.0219780838117003,0.0232847386039793,0.0115382699528709,0.0130582095123827,0.0410865847021341,-0.0734629273414612,0.023822314478457,0.0118378259241581
305,0.0286661923552553,0.00734870438463986,0.0226132059469819,0.0489862908919652,0.00344993779435754,0.0163673940114677,0.015394712643077,-0.0804477483034134,0.0234697693958879,0.00338390737306327
306,0.0312292451659838,0.0207109344191849,0.0179208905125658,0.0181834270867209,0.0358382435515523,0.0207202542417993,0.0290310030492644,-0.0740352943539619,0.0395225348571936,0.0112254754252111
307,0.0340162184089422,0.017379127908498,0.0277649071067572,0.0309278357774019,0.0488627165555954,0.0193255092133768,0.0213584414683282,-0.0811013296246529,0.0297089358791709,0.0141591409221292
309,0.0553250160689155,0.024544185337921,0.0271969987079501,0.0322981383651495,0.0304586732527241,0.0147802309753994,0.00713192626911526,-0.0774899708727996,0.029133143213888,0.0199116287597766
310,0.0539148381600777,0.043191605557998,0.0200883663880328,0.0419045407325029,0.0289370054379106,0.0219257579495509,-0.00091379708222424,-0.0754138603806496,0.0184495740104467,0.0028354506745624
311,0.0430017254936198,0.0270858096579711,0.0220865225419402,0.0421534149597088,0.0152774447730432,0.00548805127618834,0.0256306541462739,-0.0731613698105017,0.0325164993604024,0.00416883004436386
312,0.0306261191144586,0.0252031022682786,0.0305789172028502,0.0342458803206682,0.0171898867314061,0.0180895682812358,0.00286952927611613,-0.0778777251640956,0.0482693370431662,0.0153872894588858
313,0.0335384883607427,0.00506618479266763,0.0199047937057912,0.0346614041676124,0.0160867712305238,0.00793126934028502,0.038391950695465,-0.0757769296566645,0.0292053302594771,0.00366866642919679
314,0.0232060567165415,0.0265961413582166,0.0289615276269615,0.0230193721751372,0.0252140130226811,0.00285403463446225,0.00904141195739309,-0.0795340066154798,0.01528084029754,0.0137374437957381
315,0.0325853104392687,0.020726542143772,0.0547861127803723,0.0295212318499883,0.0305874592935046,0.00851513208666196,0.00201562155659,-0.0755960841973623,0.025633211247623,0.00894854458359381
316,0.025001934170723,0.0128948418889195,0.0338489077985287,0.0343820299953222,0.01283630161779,0.0108206909382716,0.0145113723352551,-0.0776668056845665,0.0305545255541801,0.0206578027456999
317,0.0391574588914712,0.0111540104262531,0.0464561941723029,0.0408103646089633,0.00891682695752631,-0.000493239145725965,0.00643336476059631,-0.0792174053688844,0.0235331125246982,0.0177291731039683
319,0.0417190944509847,0.0478548531287483,0.0429281712110553,0.0376854632049799,0.0109438308531285,0.017037444016231,0.029602200167054,-0.0758213060242789,0.0512810602251972,-0.0020801042722139
320,0.0465935040265322,0.0126125648617744,0.0482046342454851,0.0341708578169346,0.0127148439176381,0.0225833632051945,0.0301177462562919,-0.0704982876777649,0.0352937897667289,0.00987874651327729
323,0.0229301139712334,0.0152812445536256,0.0369959127157927,0.0277197198942304,0.0157482398673892,0.0219471095595509,0.0140601235441864,-0.0770532637834549,0.0352776125073433,0.0251600172370672
324,0.0287551020405122,0.0355290166501488,0.0475727822631598,0.0402858576604298,0.0306252304996763,0.0266781382794891,0.017911701596209,-0.0721057749220303,0.0386102476290294,0.00182038294484041
325,0.0307733655596773,0.00762734632007778,0.0345572646086415,0.0191625775769353,0.0268641208919386,0.0207391350219647,0.0205403294724723,-0.0772051538030307,0.038409532358249,0.0193351656198502
326,0.0276937852613628,0.0165739723015577,0.0266051056484381,0.0600314432134231,0.0138160927065959,0.011271844181465,0.0170446997896458,-0.0845585453013579,0.0327665825219204,-0.00710423764151831
327,0.0496879757071535,0.0275310726525883,0.0330513954783479,0.0613183729971449,0.00737510778708383,0.00769109674729407,0.0103616017537812,-0.0777882312734922,0.022404411341995,0.00947599188657477
328,0.0268921957661708,0.00924334729400774,0.027701577792565,0.054964656320711,0.0247042759632071,0.01708266697824,0.0368791858976086,-0.070710680137078,0.024223620382448,0.0291321330393354
330,0.02038679625839,0.0171355221420527,0.0374419467523694,0.0253279499709606,0.00669958749203943,0.0105688561685383,0.0368477921932936,-0.0761738643050194,0.0155375428963453,0.0109215006232262
331,0.0469765447080135,0.0176770592108369,0.0248702457174659,0.0334450755268335,0.0308607103303075,0.0134563731960952,0.0178970664739609,-0.0700036816298962,0.0306000992655754,0.0359847889281809
332,0.0417716135936124,0.0268182753518756,0.0250930509396962,0.0529430279774325,0.0273097832021969,0.0181513626926712,0.0233451781927475,-0.075873538851738,0.0131802184873128,0.0099243058690003
333,0.0320305842906237,0.0245196853453914,0.0389758277063568,0.0370972249656916,0.0197345120638299,0.0119250198476948,0.00751636883554359,-0.0776866972446442,0.0383287550260623,0.0069716030654187
334,0.027317068229119,0.0243229751164715,0.0274379787345727,0.0323224176342289,0.0205358159728348,0.0147673774821063,0.0288400302330653,-0.0761595231791337,0.04086081062754,0.0147620072239079
335,0.0358634538327654,0.0234898370690644,0.0232988630111019,0.0487377125148972,0.0104268501066448,0.00772701644261057,0.014609125481608,-0.0747564521928628,0.00869559205602854,0.0196161327379135
336,0.0418369047343731,0.00799097667913884,0.0186016537249088,0.0341983798891306,0.0195407744613476,0.0137071948964149,0.0124040465801954,-0.0758080147206783,0.0408276401460171,0.0272162856534123
337,0.0434713635061468,0.0124274182599038,0.0294656338436263,0.0321901110666139,0.0315114447314824,0.0237847848662308,0.014432769002659,-0.0762977653316089,0.0233803339568632,0.0195437991725547
338,0.0206586878436307,0.0389324861268202,0.0304351191346844,0.0317092488209407,0.0333430776372552,0.0115252040947477,0.0138111201425393,-0.0746051892638206,0.0194829488173127,0.0199434640817344
339,0.0347384670749307,0.0133589913602918,0.036484448860089,0.0378153243412574,0.0381292652649184,0.0240946073705951,0.0173192941583693,-0.077517864604791,0.0190617762661229,0.0189372274714212
340,0.0255609218341609,0.0265783204231411,0.0182079278553526,0.0456760407735904,0.0239346814341843,0.00588354443122322,0.0330213618775209,-0.0802237503230572,0.0206779460422695,0.0305879997710387
341,0.0312640633434057,0.0242352062836289,0.0270554807037115,0.0451696060597897,-0.00100048519670963,0.0203436961397529,0.0304360818117857,-0.0764446556568146,0.0153328376822174,0.00416282966034487
343,0.0333596284811695,0.0288982973434031,0.0335957749436299,0.0371610053504507,0.0180640630424023,0.0231264810233066,0.00755219519972646,-0.0759583935141563,0.0427046281596025,0.0120217465640356
344,0.0311126187443733,0.0224832670452694,0.0200950399351617,0.0279569247116645,0.0255112343778213,0.0265762879668425,0.0163923604801918,-0.0806827321648598,0.0225681701364617,0.00727111650727845
345,0.0523976892232895,0.0417403815314174,0.0306210719048977,0.0481988467276096,0.0117025098588783,0.0210097378119826,0.0180422683712095,-0.0733374685049057,0.0221692640334368,0.00560489922645502
346,0.0221522361195336,0.0226921710806588,0.0307216302802165,0.0405461642270287,0.0179645818425342,0.0163857745161901,0.0284860807781418,-0.0825299409528573,0.0366389515499274,0.0323817459866405
347,0.0411201722919941,0.00299752810969949,0.0330337662249804,0.0506018869578838,0.0211594011634588,0.012293317320291,0.0304087854921818,-0.077721893787384,0.0386038353433833,-0.00760829928331077
348,0.0265022903414709,-0.00200000485139234,0.0397155364709241,0.0291812485083938,0.0258849316409656,0.000711759255084741,0.0137583777042372,-0.0795709054384913,0.0187362063942211,0.0133653414169593
349,0.041789259451131,0.0217561842873693,0.0335187340776126,0.028073868714273,0.0301341551045577,0.0121448282928516,0.0419702902436256,-0.0795908930401007,0.0181397069245577,0.017564006227379
350,0.0259395499403278,0.0118811224432041,0.0222696342195074,0.0388716667269667,0.044967457652092,0.00341060595110321,0.0191679562752446,-0.0800809202094873,0.0361324225862821,0.00534551934106275
351,0.0355190209423502,0.0275537098447482,0.0377387295787533,0.0279511626188954,0.0143478702132901,0.0197706633868317,0.0142553962456683,-0.0775366400678952,0.0242149118954937,0.00567934322558964
352,0.0387547106615135,0.0127696504828886,0.0347881319799593,0.0275115457230381,0.0271613887245102,0.0101842521190909,0.00363705885995712,-0.0794974820954459,0.0128159985345389,0.0134405799492794
353,0.0287645692005754,0.0627174579227964,0.0235259346663952,0.03683751480033,0.0223202452374001,0.0143645422067493,0.0156999233489235,-0.0758214729527632,0.0302403047680855,0.0101342089474201
355,0.0285538660362363,0.0339423954486847,0.0334023825824261,0.0292015871033072,0.0243324354290962,0.0112351667135954,0.0296831777319312,-0.0799002662301063,0.0182768885977566,0.0108998597599566
356,0.026010213419795,0.0256228027865291,0.0310924282918374,0.0225148495907585,0.0304919416084886,0.0120118989919623,0.0116594419426595,-0.0757117283840974,0.0380832987527053,0.0199855923031767
357,0.0352616466581821,0.0136239533312619,0.0192242879420519,0.0294651661068201,0.0335218440741301,0.0117277193814516,0.037240406870842,-0.0847151875495911,0.00189409833401442,0.0137356566265225
358,0.0289371650045117,0.0143128184912105,0.0213274445850402,0.0321993278339505,0.0232450760280093,0.0158505870494992,0.0170562766470539,-0.0779546548922857,0.00559836295239317,0.0163392549923932
360,0.0553612771133582,0.0182755907687048,0.0289446534588933,0.0270221913233399,0.0407683262601495,0.00933522909569244,0.0228008516132832,-0.0714278693000476,0.0424247027064363,0.0254146503284574
